<?xml version="1.0" encoding="UTF-8"?>
<!DOCTYPE suite SYSTEM "https://testng.org/testng-1.0.dtd">
<suite name="Suite">
  <test thread-count="5" name="english">
	<parameter name="fileName" value="english"></parameter>
    <classes>
      <class name="testcases.TC001"/>
    </classes>
  </test> <!-- Test -->
  <test thread-count="5" name="french">
	<parameter name="fileName" value="french"></parameter>
    <classes>
      <class name="testcases.TC001"/>
    </classes>
  </test> 
</suite> <!-- Suite -->
